INSERT INTO competition (id, name, competition_type) VALUES (1, 'Sinkers Society', 'STABLEFORD');
INSERT INTO competition (id, name, competition_type) VALUES (2, 'Sinkers Society', 'STABLEFORD');
INSERT INTO competition (id, name, competition_type) VALUES (17, 'Pedalling To Pubs', 'STROKEPLAY');
INSERT INTO golf_course (id, name, address) VALUES (11, 'Chesunt', NULL);
INSERT INTO golf_course (id, name, address) VALUES (12, 'Essendon', 'Essendon');
INSERT INTO golf_course (id, name, address) VALUES (13, 'Kilsworth Springs', NULL);
INSERT INTO player (id, name, userName, handicap) VALUES (1, 'Darragh Flynn', 'dflynn', 28);
INSERT INTO player (id, name, userName, handicap) VALUES (2, 'Paul Ronane', 'pronane', 21);
INSERT INTO player (id, name, userName, handicap) VALUES (3, 'Mike Creaton', 'mcreaton', 24);
INSERT INTO player (id, name, userName, handicap) VALUES (4, 'John Kerins', 'jkerins', 24);
INSERT INTO player (id, name, userName, handicap) VALUES (5, 'Vinnie Guilfoyle', 'vguilfoyle', 19);
INSERT INTO player (id, name, userName, handicap) VALUES (6, 'Tom Hanlon', 'thanlon', 22);
INSERT INTO player (id, name, userName, handicap) VALUES (7, 'Joe Sink', 'jsink', 24);
INSERT INTO player (id, name, userName, handicap) VALUES (8, 'John Kelly', 'jkelly', 28);
INSERT INTO player (id, name, userName, handicap) VALUES (9, 'Sam Walsh', 'swalsh', 14);
INSERT INTO hole (id, course_id, name, hole_number, par, stroke, white, yellow, red) VALUES (1, NULL, 'Quarryside', 1, 4, 12, 355, 349, 332);
INSERT INTO hole (id, course_id, name, hole_number, par, stroke, white, yellow, red) VALUES (2, NULL, 'Bill Atkin’s Way', 2, 3, 6, 167, 141, 124);
INSERT INTO hole (id, course_id, name, hole_number, par, stroke, white, yellow, red) VALUES (3, NULL, 'Fordsway', 3, 5, 18, 504, 494, 478);
INSERT INTO hole (id, course_id, name, hole_number, par, stroke, white, yellow, red) VALUES (4, NULL, 'The Cut', 4, 4, 2, 428, 414, 388);
INSERT INTO hole (id, course_id, name, hole_number, par, stroke, white, yellow, red) VALUES (5, NULL, 'Nick Melvin''s Way', 5, 4, 14, 374, 358, 335);
INSERT INTO hole (id, course_id, name, hole_number, par, stroke, white, yellow, red) VALUES (6, NULL, 'Devil''s Toenail', 6, 3, 4, 149, 140, 127);
INSERT INTO hole (id, course_id, name, hole_number, par, stroke, white, yellow, red) VALUES (7, NULL, 'Hobby''s Retreat', 7, 4, 8, 368, 358, 32);
INSERT INTO hole (id, course_id, name, hole_number, par, stroke, white, yellow, red) VALUES (8, NULL, 'The Furrow', 8, 5, 16, 496, 483, 459);
INSERT INTO hole (id, course_id, name, hole_number, par, stroke, white, yellow, red) VALUES (9, NULL, 'The Dell', 9, 4, 10, 391, 377, 353);
INSERT INTO hole (id, course_id, name, hole_number, par, stroke, white, yellow, red) VALUES (10, NULL, 'Old Bottles', 10, 5, 9, 532, 516, 483);
INSERT INTO hole (id, course_id, name, hole_number, par, stroke, white, yellow, red) VALUES (11, NULL, 'Red Shank', 11, 3, 15, 162, 146, 124);
INSERT INTO hole (id, course_id, name, hole_number, par, stroke, white, yellow, red) VALUES (12, NULL, 'Roger''s Place', 12, 4, 3, 417, 412, 348);
INSERT INTO hole (id, course_id, name, hole_number, par, stroke, white, yellow, red) VALUES (13, NULL, 'Lakeside', 13, 4, 1, 367, 360, 335);
INSERT INTO hole (id, course_id, name, hole_number, par, stroke, white, yellow, red) VALUES (14, NULL, 'Bridleway', 14, 4, 17, 345, 335, 308);
INSERT INTO hole (id, course_id, name, hole_number, par, stroke, white, yellow, red) VALUES (15, NULL, 'The Summit', 15, 5, 13, 469, 458, 390);
INSERT INTO hole (id, course_id, name, hole_number, par, stroke, white, yellow, red) VALUES (16, NULL, 'Poppy Bank', 16, 4, 7, 396, 384, 358);
INSERT INTO hole (id, course_id, name, hole_number, par, stroke, white, yellow, red) VALUES (17, NULL, 'Up or Down', 17, 4, 5, 388, 379, 368);
INSERT INTO hole (id, course_id, name, hole_number, par, stroke, white, yellow, red) VALUES (18, NULL, 'The Old Fort', 18, 3, 11, 201, 174, 155);
INSERT INTO hole (id, course_id, name, hole_number, par, stroke, white, yellow, red) VALUES (50, 11, NULL, 1, 5, 7, 560, 549, 459);
INSERT INTO hole (id, course_id, name, hole_number, par, stroke, white, yellow, red) VALUES (51, 11, NULL, 2, 4, 15, 325, 312, 302);
INSERT INTO hole (id, course_id, name, hole_number, par, stroke, white, yellow, red) VALUES (52, 11, NULL, 3, 3, 9, 211, 202, 190);
INSERT INTO hole (id, course_id, name, hole_number, par, stroke, white, yellow, red) VALUES (53, 11, NULL, 4, 4, 11, 364, 356, 343);
INSERT INTO hole (id, course_id, name, hole_number, par, stroke, white, yellow, red) VALUES (54, 11, NULL, 5, 4, 1, 457, 430, 364);
INSERT INTO hole (id, course_id, name, hole_number, par, stroke, white, yellow, red) VALUES (55, 11, NULL, 6, 4, 5, 424, 411, 401);
INSERT INTO hole (id, course_id, name, hole_number, par, stroke, white, yellow, red) VALUES (56, 11, NULL, 7, 3, 13, 181, 143, 133);
INSERT INTO hole (id, course_id, name, hole_number, par, stroke, white, yellow, red) VALUES (57, 11, NULL, 8, 4, 17, 370, 367, 350);
INSERT INTO hole (id, course_id, name, hole_number, par, stroke, white, yellow, red) VALUES (58, 11, NULL, 9, 4, 3, 424, 413, 404);
INSERT INTO hole (id, course_id, name, hole_number, par, stroke, white, yellow, red) VALUES (59, 11, NULL, 10, 4, 2, 444, 411, 365);
INSERT INTO hole (id, course_id, name, hole_number, par, stroke, white, yellow, red) VALUES (60, 11, NULL, 11, 3, 12, 183, 169, 157);
INSERT INTO hole (id, course_id, name, hole_number, par, stroke, white, yellow, red) VALUES (61, 11, NULL, 12, 5, 16, 490, 473, 398);
INSERT INTO hole (id, course_id, name, hole_number, par, stroke, white, yellow, red) VALUES (62, 11, NULL, 13, 4, 14, 329, 314, 303);
INSERT INTO hole (id, course_id, name, hole_number, par, stroke, white, yellow, red) VALUES (63, 11, NULL, 14, 4, 10, 365, 351, 341);
INSERT INTO hole (id, course_id, name, hole_number, par, stroke, white, yellow, red) VALUES (64, 11, NULL, 15, 4, 8, 394, 361, 284);
INSERT INTO hole (id, course_id, name, hole_number, par, stroke, white, yellow, red) VALUES (65, 11, NULL, 16, 4, 6, 375, 367, 353);
INSERT INTO hole (id, course_id, name, hole_number, par, stroke, white, yellow, red) VALUES (66, 11, NULL, 17, 3, 18, 136, 114, 95);
INSERT INTO hole (id, course_id, name, hole_number, par, stroke, white, yellow, red) VALUES (67, 11, NULL, 18, 5, 4, 551, 495, 456);
INSERT INTO hole (id, course_id, name, hole_number, par, stroke, white, yellow, red) VALUES (86, 12, 'Hole 1', 1, 4, 9, 380, 341, 327);
INSERT INTO hole (id, course_id, name, hole_number, par, stroke, white, yellow, red) VALUES (87, 12, 'Hole 2', 2, 3, 3, 200, 185, 157);
INSERT INTO hole (id, course_id, name, hole_number, par, stroke, white, yellow, red) VALUES (88, 12, 'Hole 3', 3, 5, 7, 475, 464, 426);
INSERT INTO hole (id, course_id, name, hole_number, par, stroke, white, yellow, red) VALUES (89, 12, 'Hole 4', 4, 5, 17, 350, 334, 455);
INSERT INTO hole (id, course_id, name, hole_number, par, stroke, white, yellow, red) VALUES (90, 12, 'Hole 5', 5, 4, 13, 189, 169, 293);
INSERT INTO hole (id, course_id, name, hole_number, par, stroke, white, yellow, red) VALUES (91, 12, 'Hole 6', 6, 3, 5, 495, 485, 148);
INSERT INTO hole (id, course_id, name, hole_number, par, stroke, white, yellow, red) VALUES (92, 12, 'Hole 7', 7, 4, 1, 372, 307, 337);
INSERT INTO hole (id, course_id, name, hole_number, par, stroke, white, yellow, red) VALUES (93, 12, 'Hole 8', 8, 4, 15, 432, 410, 322);
INSERT INTO hole (id, course_id, name, hole_number, par, stroke, white, yellow, red) VALUES (94, 12, 'Hole 9', 9, 3, 11, 145, 128, 135);
INSERT INTO hole (id, course_id, name, hole_number, par, stroke, white, yellow, red) VALUES (95, 12, 'Hole 10', 10, 4, 8, 465, 443, 291);
INSERT INTO hole (id, course_id, name, hole_number, par, stroke, white, yellow, red) VALUES (96, 12, 'Hole 11', 11, 5, 4, 393, 370, 451);
INSERT INTO hole (id, course_id, name, hole_number, par, stroke, white, yellow, red) VALUES (97, 12, 'Hole 12', 12, 4, 10, 517, 469, 325);
INSERT INTO hole (id, course_id, name, hole_number, par, stroke, white, yellow, red) VALUES (98, 12, 'Hole 13', 13, 3, 14, 474, 462, 158);
INSERT INTO hole (id, course_id, name, hole_number, par, stroke, white, yellow, red) VALUES (99, 12, 'Hole 14', 14, 5, 18, 330, 304, 462);
INSERT INTO hole (id, course_id, name, hole_number, par, stroke, white, yellow, red) VALUES (100, 12, 'Hole 15', 15, 4, 2, 208, 162, 282);
INSERT INTO hole (id, course_id, name, hole_number, par, stroke, white, yellow, red) VALUES (101, 12, 'Hole 16', 16, 4, 6, 373, 351, 397);
INSERT INTO hole (id, course_id, name, hole_number, par, stroke, white, yellow, red) VALUES (102, 12, 'Hole 17', 17, 3, 16, 340, 332, 119);
INSERT INTO hole (id, course_id, name, hole_number, par, stroke, white, yellow, red) VALUES (103, 12, 'Hole 18', 18, 5, 12, 213, 175, 424);
INSERT INTO golf_event (id, name, venue, type, competition_id, date, golf_course_id) VALUES (1, 'Chesunt', 'Chesunt Golf Club', NULL, 17, NULL, NULL);
INSERT INTO golf_event (id, name, venue, type, competition_id, date, golf_course_id) VALUES (2, 'luton hoo', 'luton hoo', NULL, 2, 2023-04-01, NULL);
INSERT INTO golf_event (id, name, venue, type, competition_id, date, golf_course_id) VALUES (3, 'Essendon', 'Essendon', NULL, 2, 2023-05-01, NULL);
INSERT INTO golf_event (id, name, venue, type, competition_id, date, golf_course_id) VALUES (6, 'kilworth springs', 'Kilworth springs', NULL, 17, NULL, NULL);
INSERT INTO player_grouping (grouping_id, event_id, group_number, player_id) VALUES (3, 6, 1, 1);
INSERT INTO player_grouping (grouping_id, event_id, group_number, player_id) VALUES (4, 6, 1, 2);
INSERT INTO player_grouping (grouping_id, event_id, group_number, player_id) VALUES (5, 6, 2, 3);
INSERT INTO golf_event_player (event_id, player_id) VALUES (1, 1);
INSERT INTO golf_event_player (event_id, player_id) VALUES (6, 1);
INSERT INTO golf_event_player (event_id, player_id) VALUES (1, 2);
INSERT INTO golf_event_player (event_id, player_id) VALUES (3, 2);
INSERT INTO golf_event_player (event_id, player_id) VALUES (6, 2);
INSERT INTO golf_event_player (event_id, player_id) VALUES (1, 3);
INSERT INTO golf_event_player (event_id, player_id) VALUES (3, 3);
INSERT INTO golf_event_player (event_id, player_id) VALUES (3, 8);
INSERT INTO competition_player (competition_id, player_id) VALUES (13, 1);
INSERT INTO competition_player (competition_id, player_id) VALUES (17, 1);
INSERT INTO competition_player (competition_id, player_id) VALUES (13, 2);
INSERT INTO competition_player (competition_id, player_id) VALUES (17, 2);
INSERT INTO competition_player (competition_id, player_id) VALUES (13, 3);
INSERT INTO competition_player (competition_id, player_id) VALUES (17, 3);
INSERT INTO golf_leader_board (id, competition_id, player_id, avg_score_per_round, best_five_total_round, bonus_rounds, total_points, total_score) VALUES (1, 1, 1, 0, 0, 0, 0, 0);
INSERT INTO golf_leader_board (id, competition_id, player_id, avg_score_per_round, best_five_total_round, bonus_rounds, total_points, total_score) VALUES (2, 1, 2, 0, 0, 0, 0, 0);
INSERT INTO golf_leader_board (id, competition_id, player_id, avg_score_per_round, best_five_total_round, bonus_rounds, total_points, total_score) VALUES (3, 1, 3, 0, 0, 0, 0, 0);
INSERT INTO golf_leader_board (id, competition_id, player_id, avg_score_per_round, best_five_total_round, bonus_rounds, total_points, total_score) VALUES (4, 2, 1, 0, 0, 0, 0, 0);
INSERT INTO golf_leader_board (id, competition_id, player_id, avg_score_per_round, best_five_total_round, bonus_rounds, total_points, total_score) VALUES (5, 2, 2, 0, 0, 0, 0, 0);
INSERT INTO golf_leader_board (id, competition_id, player_id, avg_score_per_round, best_five_total_round, bonus_rounds, total_points, total_score) VALUES (6, 2, 3, 0, 0, 0, 0, 0);
INSERT INTO score (id, competition_id, player_id, event_id, par, score, points, hole_id, stroke) VALUES (45, NULL, 1, 1, NULL, 5, 4, 50, NULL);
INSERT INTO score (id, competition_id, player_id, event_id, par, score, points, hole_id, stroke) VALUES (46, NULL, 1, 1, NULL, 5, 2, 51, NULL);
INSERT INTO score (id, competition_id, player_id, event_id, par, score, points, hole_id, stroke) VALUES (47, NULL, 2, 1, NULL, 5, 3, 50, NULL);
INSERT INTO score (id, competition_id, player_id, event_id, par, score, points, hole_id, stroke) VALUES (48, NULL, 2, 1, NULL, 5, 2, 51, NULL);
INSERT INTO score (id, competition_id, player_id, event_id, par, score, points, hole_id, stroke) VALUES (141, NULL, 1, 1, NULL, 3, 4, 52, NULL);
INSERT INTO score (id, competition_id, player_id, event_id, par, score, points, hole_id, stroke) VALUES (142, NULL, 2, 1, NULL, 4, 2, 52, NULL);
INSERT INTO score (id, competition_id, player_id, event_id, par, score, points, hole_id, stroke) VALUES (143, NULL, 1, 1, NULL, 4, 4, 53, NULL);
INSERT INTO score (id, competition_id, player_id, event_id, par, score, points, hole_id, stroke) VALUES (144, NULL, 1, 1, NULL, 7, 1, 54, NULL);
INSERT INTO score (id, competition_id, player_id, event_id, par, score, points, hole_id, stroke) VALUES (145, NULL, 1, 1, NULL, 7, 1, 55, NULL);
INSERT INTO score (id, competition_id, player_id, event_id, par, score, points, hole_id, stroke) VALUES (146, NULL, 1, 1, NULL, 4, 2, 56, NULL);
INSERT INTO score (id, competition_id, player_id, event_id, par, score, points, hole_id, stroke) VALUES (147, NULL, 1, 1, NULL, 5, 2, 57, NULL);
INSERT INTO score (id, competition_id, player_id, event_id, par, score, points, hole_id, stroke) VALUES (148, NULL, 1, 1, NULL, 4, 4, 58, NULL);
INSERT INTO score (id, competition_id, player_id, event_id, par, score, points, hole_id, stroke) VALUES (149, NULL, 2, 1, NULL, 6, 1, 53, NULL);
INSERT INTO score (id, competition_id, player_id, event_id, par, score, points, hole_id, stroke) VALUES (150, NULL, 2, 1, NULL, 6, 2, 54, NULL);
INSERT INTO score (id, competition_id, player_id, event_id, par, score, points, hole_id, stroke) VALUES (151, NULL, 2, 1, NULL, 5, 2, 55, NULL);
INSERT INTO score (id, competition_id, player_id, event_id, par, score, points, hole_id, stroke) VALUES (152, NULL, 2, 1, NULL, 3, 3, 56, NULL);
INSERT INTO score (id, competition_id, player_id, event_id, par, score, points, hole_id, stroke) VALUES (153, NULL, 2, 1, NULL, 5, 2, 57, NULL);
INSERT INTO score (id, competition_id, player_id, event_id, par, score, points, hole_id, stroke) VALUES (154, NULL, 2, 1, NULL, 5, 3, 58, NULL);
INSERT INTO score (id, competition_id, player_id, event_id, par, score, points, hole_id, stroke) VALUES (155, NULL, 1, 1, NULL, 7, 1, 59, NULL);
INSERT INTO score (id, competition_id, player_id, event_id, par, score, points, hole_id, stroke) VALUES (156, NULL, 1, 1, NULL, 6, 0, 60, NULL);
INSERT INTO score (id, competition_id, player_id, event_id, par, score, points, hole_id, stroke) VALUES (157, NULL, 1, 1, NULL, 7, 1, 61, NULL);
INSERT INTO score (id, competition_id, player_id, event_id, par, score, points, hole_id, stroke) VALUES (158, NULL, 1, 1, NULL, 4, 3, 62, NULL);
INSERT INTO score (id, competition_id, player_id, event_id, par, score, points, hole_id, stroke) VALUES (159, NULL, 1, 1, NULL, 7, 1, 63, NULL);
INSERT INTO score (id, competition_id, player_id, event_id, par, score, points, hole_id, stroke) VALUES (160, NULL, 1, 1, NULL, 8, 0, 64, NULL);
INSERT INTO score (id, competition_id, player_id, event_id, par, score, points, hole_id, stroke) VALUES (161, NULL, 1, 1, NULL, 6, 2, 65, NULL);
INSERT INTO score (id, competition_id, player_id, event_id, par, score, points, hole_id, stroke) VALUES (162, NULL, 1, 1, NULL, 5, 1, 66, NULL);
INSERT INTO score (id, competition_id, player_id, event_id, par, score, points, hole_id, stroke) VALUES (163, NULL, 1, 1, NULL, 9, 0, 67, NULL);
INSERT INTO score (id, competition_id, player_id, event_id, par, score, points, hole_id, stroke) VALUES (164, NULL, 2, 1, NULL, 9, 0, 59, NULL);
INSERT INTO score (id, competition_id, player_id, event_id, par, score, points, hole_id, stroke) VALUES (165, NULL, 2, 1, NULL, 5, 1, 60, NULL);
INSERT INTO score (id, competition_id, player_id, event_id, par, score, points, hole_id, stroke) VALUES (166, NULL, 2, 1, NULL, 8, 0, 61, NULL);
INSERT INTO score (id, competition_id, player_id, event_id, par, score, points, hole_id, stroke) VALUES (167, NULL, 2, 1, NULL, 5, 2, 62, NULL);
INSERT INTO score (id, competition_id, player_id, event_id, par, score, points, hole_id, stroke) VALUES (168, NULL, 2, 1, NULL, 6, 1, 63, NULL);
INSERT INTO score (id, competition_id, player_id, event_id, par, score, points, hole_id, stroke) VALUES (169, NULL, 2, 1, NULL, 5, 2, 64, NULL);
INSERT INTO score (id, competition_id, player_id, event_id, par, score, points, hole_id, stroke) VALUES (170, NULL, 2, 1, NULL, 6, 1, 65, NULL);
INSERT INTO score (id, competition_id, player_id, event_id, par, score, points, hole_id, stroke) VALUES (171, NULL, 2, 1, NULL, 3, 3, 66, NULL);
INSERT INTO score (id, competition_id, player_id, event_id, par, score, points, hole_id, stroke) VALUES (172, NULL, 2, 1, NULL, 7, 2, 67, NULL);
